"Reference","Value","DNP","Opis"
"R8","0","","ERJ-2GE0R00X"
"R15","0","","ERJ-2GE0R00X"
"C9","33p","","VJ0603A330KXJCW1BC"
"C18","33p","","VJ0603A330KXJCW1BC"
"C2","47p","","VJ0603A470JXJPW1BC"
"C3","47p","","VJ0603A470JXJPW1BC"
"C25","10n","","CL10B104KB8NFNC"
"C6","10u","","CL31A106KBHNNNE"
"C13","10u","","CL31A106KBHNNNE"
"R1","27","","CRCW060327R0FKEA"
"R2","27","","CRCW060327R0FKEA"
"R13","68","","SG73P2BTTD68R0F"
"R7","120","","CRCW0603120RFKEC"
"R6","220","","RC0805JR-7W220RL"
"R11","220","","RC0805JR-7W220RL"
"R14","10k","","CRCW060310K0JNEBC"
"J3","2171790001","",""
"C1","0u1","","CL10B104KB8NFNC"
"C4","0u1","","CL10B104KB8NFNC"
"C5","0u1","","CL10B104KB8NFNC"
"C7","0u1","","CL10B104KB8NFNC"
"C8","0u1","","CL10B104KB8NFNC"
"C11","0u1","","CL10B104KB8NFNC"
"C14","0u1","","CL10B104KB8NFNC"
"C17","0u1","","CL10B104KB8NFNC"
"C21","0u1","","CL10B104KB8NFNC"
"C23","0u1","","CL10B104KB8NFNC"
"C24","0u1","","CL10B104KB8NFNC"
"R10","2k2","","CRCW06032K20JNEA"
"R12","2k2","","CRCW06032K20JNEA"
"C12","4u7","","T491A475K010AT"
"C16","4u7","","GRT188C81E475KE13D"
"R3","5k1","","5k1 CRCW08055K10JNEA"
"R9","5k1","","5k1 CRCW08055K10JNEA"
"AE1","Antenna_Shield","","73251-1153"
"FL1","B39162B8813P810","","1582.47MHz SAW filter, SMD 1109"
"C15","C","","No cap"
"C19","C","","No cap"
"C20","C","","No cap"
"C22","C","","No cap"
"J2","Conn_01x02_Socket","","1548376"
"D2","D_TVS","","PESD3V3S1BSF"
"D3","D_TVS","","PESD3V3S1BSF"
"Q3","DMP3068L","","-2A Id, -20V Vds, P-Channel MOSFET, 70mOhm Ron, SOT-23"
"Q1","FDN335N","","N-MOSFET transistor, drain/source/gate"
"U4","FT234XD-R","",""
"J4","Input power","","1861933"
"U2","LC76GABMD","",""
"FB1","MI0805K601R-10","","Ferrite bead"
"D4","PESD5V0X1UALD","","Bidirectional transient-voltage-suppression diode"
"U6","RAK3172","",""
"D1","SML-D12L8WT86","","SML-D12L8WT86"
"U5","SP3485EN","","Industrial 3.3V Low Power Half-Duplex RS-485 Transceiver 10Mbps, SOIC-8"
"U3","TLV75533PDBV","","500mA Low Dropout Voltage Regulator, Fixed Output 3.3V, SOT-23-5"
"J1","UART","","Generic connector, single row, 01x02, script generated"
"E1","YPGS001AA","",""
"U7","~","","STISO621"
