"Reference","Value","Qty","Opis"
"D7","MMSZ5246B-7-F","1",""
"U1","BQ76952PFBR","1",""
"U2","~","1",""
"U5","SCWN03A-12","1",""
"U6","SCWN06A-05","1",""
"U8","TLV76033DBZR","1",""
"U9","ISO1640BDR","1",""
"J1","Conn_01x02_Pin","1","1548376"
"J6","Conn_01x02_Pin","1","1861933"
"J8","Conn_01x02_Pin","1","1861933"
"C35","0n47","1","06033A471KAT2A"
"C38","10n","1","0805N103K500CT"
"C47","10n","1","0805N103K500CT"
"U7","MIC5205-3.3YM5","1","150mA low dropout linear regulator, fixed 3.3V output, SOT-23-5"
"Q1","CSD17581Q3A","1","60A Id, 30V Vds, NexFET N-Channel Power MOSFET, 3.2mOhm Ron, Qg Typ 20nC, VSON-8 3.3x3.3mm"
"Q3","CSD17581Q3A","1","60A Id, 30V Vds, NexFET N-Channel Power MOSFET, 3.2mOhm Ron, Qg Typ 20nC, VSON-8 3.3x3.3mm"
"Q5","CSD17581Q3A","1","60A Id, 30V Vds, NexFET N-Channel Power MOSFET, 3.2mOhm Ron, Qg Typ 20nC, VSON-8 3.3x3.3mm"
"Q6","CSD17581Q3A","1","60A Id, 30V Vds, NexFET N-Channel Power MOSFET, 3.2mOhm Ron, Qg Typ 20nC, VSON-8 3.3x3.3mm"
"R10","14k","1","AC0603FR-0714KL"
"D2","BAT54HT1G","1","BAT54HT1G"
"D4","BAT54HT1G","1","BAT54HT1G"
"C23","0u22","1","C1608X7R1H224K080AB"
"C24","0u22","1","C1608X7R1H224K080AB"
"C25","0u22","1","C1608X7R1H224K080AB"
"C26","0u22","1","C1608X7R1H224K080AB"
"C14","10u","1","CL10A106MA8NRNC"
"C17","10u","1","CL10A106MA8NRNC"
"C1","0u1","1","CL10B104KB8NFNC"
"C2","0u1","1","CL10B104KB8NFNC"
"C7","0u1","1","CL10B104KB8NFNC"
"C9","0u1","1","CL10B104KB8NFNC"
"C10","0u1","1","CL10B104KB8NFNC"
"C11","0u1","1","CL10B104KB8NFNC"
"C36","0u1","1","CL10B104KB8NFNC"
"C37","0u1","1","CL10B104KB8NFNC"
"C39","0u1","1","CL10B104KB8NFNC"
"C42","0u1","1","CL10B104KB8NFNC"
"C45","0u1","1","CL10B104KB8NFNC"
"C46","0u1","1","CL10B104KB8NFNC"
"C31","0u1","1","CL10B104KC8VPNC"
"C32","0u1","1","CL10B104KC8VPNC"
"C33","0u1","1","CL10B104KC8VPNC"
"C28","0u47","1","CL21B474KAFNNNG"
"C3","10u","1","CL31A106KBHNNNE"
"C6","10u","1","CL31A106KBHNNNE"
"C8","10u","1","CL31A106KBHNNNE"
"C12","10u","1","CL31A106KBHNNNE"
"C13","10u","1","CL31A106KBHNNNE"
"C15","10u","1","CL31A106KBHNNNE"
"C16","10u","1","CL31A106KBHNNNE"
"C18","10u","1","CL31A106KBHNNNE"
"C19","10u","1","CL31A106KBHNNNE"
"C21","10u","1","CL31A106KBHNNNE"
"C22","1u","1","CL31B105KCHNNNE"
"R7","100","1","CR0603-FX-1000ELF"
"R37","120","1","CRCW0603120RFKEC"
"R3","294","1","CRCW0603294RFKEA"
"R2","10k","1","CRCW060310K0JNEBC"
"R38","10k","1","CRCW060310K0JNEBC"
"R39","10k","1","CRCW060310K0JNEBC"
"R40","10k","1","CRCW060310K0JNEBC"
"R24","10M","1","CRCW060310M0JNEA"
"R33","10M","1","CRCW060310M0JNEA"
"R14","20","1","CRCW080520R0FKEA"
"R15","20","1","CRCW080520R0FKEA"
"R16","20","1","CRCW080520R0FKEA"
"R17","20","1","CRCW080520R0FKEA"
"R26","5k1","1","CRCW08055K10JNEA"
"R27","5k1","1","CRCW08055K10JNEA"
"R28","5k1","1","CRCW08055K10JNEA"
"R29","5k1","1","CRCW08055K10JNEA"
"R30","5k1","1","CRCW08055K10JNEA"
"R31","5k1","1","CRCW08055K10JNEA"
"R32","5k1","1","CRCW08055K10JNEA"
"C29","2u2","1","EMK212B7225KG-T"
"R11","120k","1","ERJ-3EKF1203V"
"R6","2k21","1","ERJ-3EKF2211V"
"R13","100","1","ERJ-3GEYJ101V"
"R22","100","1","ERJ-3GEYJ101V"
"R25","100","1","ERJ-3GEYJ101V"
"R1","4k7","1","ERJ-3GEYJ472V"
"R41","4k7","1","ERJ-3GEYJ472V"
"R4","10","1","ERJ-8ENF10R0V"
"R34","1k","1","ERJ-P06J102V"
"C40","0u1","1","GCJ188R72A104KA01D"
"C41","0u1","1","GCJ188R72A104KA01D"
"J3","Conn_01x02_Pin","1","Generic connector, single row, 01x02, script generated"
"J2","JST_conn","1","Generic connector, single row, 01x06, script generated"
"C20","4u7","1","GRM188R61E475KE11D"
"U3","BQ25798RQMR","1","I2C 0x6B"
"U4","SP3485EN","1","Industrial 3.3V Low Power Half-Duplex RS-485 Transceiver 10Mbps, SOIC-8"
"C43","1n","1","KGM15ACG1H102FT"
"C44","1n","1","KGM15ACG1H102FT"
"C27","0n1","1","KGM15AR72A101JT"
"C30","0n1","1","KGM15AR72A101JT"
"C4","47n","1","KGM15BR71E473KT"
"C5","47n","1","KGM15BR71E473KT"
"D3","LTST-C190GKT","1","Light emitting diode"
"U10","Si8662BB-B-IS1","1","Low-Power Hex-Channel Digital Isolator, 150Mbps, 2.5-5.5V, 2.5kV isolation, Fail-Safe Low, SOIC-16"
"R8","30k1","1","MCT06030C3012FP500"
"R9","5k24","1","MCT06030C5231FP500"
"R23","1m","1","PMR25HZPFV1L00"
"R12","100k","1","RCA0603100KFKEC"
"R18","0","1","Resistor"
"R20","0","1","Resistor"
"D6","BAT46W-7-F","1","Schottky diode, filled shape"
"D8","BAT46W-7-F","1","Schottky diode, filled shape"
"R19","10k","1","SG73P2BTTD1002F"
"L1","2u2","1","SPM6530T-2R2M"
"C34","2u2","1","TPSA225M016R3500"
"R21","1k","1","TR0603KR-071KL"
"J4","Conn_01x02_Socket","1","XT60_Male"
"D1","BZT52C12T-7","1","Zener diode"
"D5","5.0SMDJ75A","1","Zener diode, filled shape"
"D9","MMSZ5246B-7-F","1","Zener diode, filled shape"
