"Reference","Value","Qty","DNP","Opis"
"C1,C15,C16,C18,C19","0u1","5","","CL10B104KB8NFNC"
"C2","0n47","1","","06033A471KAT2A"
"C3","2u2","1","","TPSA225M016R3500"
"C17","10u","1","","CL31A106KBHNNNE"
"J1,J7","RS485 BUS","2","","1548376"
"J2,J3,J4,J5","Conn_01x03_Pin","4","","1861946"
"J6,J8","Input power","2","","1861933"
"R1,R2","4k7","2","","ERJ-3GEYJ472V"
"R23","10R","1","","CRCW060310R0FKEA"
"U1","SHT45-AD1F-R2","1","","0x44 Digital Humidity and Temperature Sensor, +/-1%RH, +/-0.1degC, I2C, 1.08-3.6V, 16bit, DFN-4"
"U2","VEML7700-TT","1","","I2C 0x10"
"U3","~","1","",""
"U4","BMP390L","1","","I2C 0x76"
"U5","MIC5205-3.3YM5","1","","150mA low dropout linear regulator, fixed 3.3V output, SOT-23-5"
"U6","SP3485EN","1","","Industrial 3.3V Low Power Half-Duplex RS-485 Transceiver 10Mbps, SOIC-8"
